{
	"World": {
		"Maps": [
			{
				"Name": "empty",
				"Position": [
					0.0,
					0.0,
					0.0
				]
			}
		],
		"Characters": [
			{
				"Name": "capitaine",
				"WorldTM": [
					1.0,
					0.0,
					0.0,
					42.043373107910156,
					0.0,
					1.0,
					0.0,
					34.19290542602539,
					0.0,
					0.0,
					1.0,
					-243.52647399902344,
					0.0,
					0.0,
					0.0,
					1.0
				],
				"Script": ""
			}
		],
		"StaticEntities": [],
		"Areas": [],
		"Items": [],
		"Lights": [
			{
				"Position": {
					"x": 0.0,
					"y": 200.0,
					"z": 10000.0
				},
				"Intensity": 55.0,
				"Ambient": 1.0
			},
			{
				"Position": {
					"x": 300.0,
					"y": 300.0,
					"z": -5000.0
				},
				"Intensity": 15.0,
				"Ambient": 0.10000000149011612
			}
		]
	}
}