{
	"World": {
		"Maps": [
			{
				"Name": "empty",
				"Position": [
					0.0,
					0.0,
					0.0
				]
			}
		],
		"Characters": [
			{
				"Name": "capitaine",
				"WorldTM": [
					-0.9999995231628418,
					0.0,
					3.2782554626464844e-7,
					2152.712158203125,
					0.0,
					1.0,
					0.0,
					118.19009399414063,
					-3.2782554626464844e-7,
					0.0,
					-0.9999995231628418,
					-481.743408203125,
					0.0,
					0.0,
					0.0,
					1.0
				],
				"Script": ""
			},
			{
				"Name": "player",
				"WorldTM": [
					1.0,
					0.0,
					0.0,
					2255.986328125,
					0.0,
					1.0,
					0.0,
					117.47520446777344,
					0.0,
					0.0,
					1.0,
					-1174.1324462890625,
					0.0,
					0.0,
					0.0,
					1.0
				],
				"Script": ""
			}
		],
		"StaticEntities": [],
		"Areas": [],
		"Items": [],
		"Lights": [
			{
				"Position": {
					"x": 0.0,
					"y": 200.0,
					"z": 10000.0
				},
				"Intensity": 55.0,
				"Ambient": 1.0
			},
			{
				"Position": {
					"x": 300.0,
					"y": 300.0,
					"z": -5000.0
				},
				"Intensity": 15.0,
				"Ambient": 0.10000000149011612
			}
		]
	}
}