{
	"World": {
		"Maps": [
			{
				"Name": "empty",
				"Position": [
					0.0,
					0.0,
					0.0
				]
			}
		],
		"Characters": [
			{
				"Name": "player",
				"WorldTM": [
					1.0,
					0.0,
					0.0,
					342.96685791015625,
					0.0,
					1.0,
					0.0,
					106.81755065917969,
					0.0,
					0.0,
					1.0,
					529.2493896484375,
					0.0,
					0.0,
					0.0,
					1.0
				],
				"Script": ""
			}
		],
		"StaticEntities": [],
		"Areas": [],
		"Items": [],
		"Lights": [
			{
				"Position": {
					"x": 300.0,
					"y": 300.0,
					"z": -5000.0
				},
				"Intensity": 15.0,
				"Ambient": 0.10000000149011612
			},
			{
				"Position": {
					"x": 0.0,
					"y": 200.0,
					"z": 10000.0
				},
				"Intensity": 55.0,
				"Ambient": 1.0
			}
		]
	}
}