{
	"World": {
		"Maps": [
			{
				"Name": "hopital02",
				"Position": [
					0.0,
					0.0,
					0.0
				]
			}
		],
		"Characters": [
			{
				"Name": "Player",
				"WorldTM": [
					0.9417669177055359,
					0.0,
					-0.3362743556499481,
					-51779.05078125,
					0.0,
					1.0,
					0.0,
					-7155.96435546875,
					0.3362743556499481,
					0.0,
					0.9417669177055359,
					-166489.09375,
					0.0,
					0.0,
					0.0,
					1.0
				],
				"Script": ""
			}
		],
		"Items": [],
		"Lights": [
			{
				"Position": {
					"x": 0.0,
					"y": 300000.0,
					"z": 0.0
				},
				"Intensity": 100000.0,
				"Ambient": 0.10000000149011612
			}
		]
	}
}