{
	"World": {
		"Maps": [
			{
				"Name": "empty",
				"Position": [
					0.0,
					0.0,
					0.0
				]
			}
		],
		"Characters": [],
		"StaticEntities": [
			{
				"Name": "buildings/maison.bme",
				"WorldTMs": []
			}
		],
		"Areas": [],
		"Items": [],
		"Lights": [
			{
				"WorldTM": [
					1.0,
					0.0,
					0.0,
					0.0,
					0.0,
					0.7071067690849304,
					0.7071067690849304,
					5000.0,
					0.0,
					-0.7071067690849304,
					0.7071067690849304,
					5000.0,
					0.0,
					0.0,
					0.0,
					1.0
				],
				"Intensity": 0.009999999776482582,
				"Ambient": 0.10000000149011612,
				"CastShadow": true,
				"Sun": false,
				"ShadowFrustumSize": {
					"width": 20000.0,
					"height": 20000.0,
					"far": 20000.0
				},
				"Type": "dir"
			}
		]
	}
}