{
	"World": {
		"Maps": [
			{
				"Name": "test",
				"Position": [
					0.0,
					0.0,
					0.0
				]
			}
		],
		"Characters": [
			{
				"Name": "player",
				"WorldTM": [
					0.7660440802574158,
					0.0,
					0.64278644323349,
					3171.637451171875,
					0.0,
					1.0,
					0.0,
					42.25212097167969,
					-0.64278644323349,
					0.0,
					0.7660440802574158,
					-5291.68701171875,
					0.0,
					0.0,
					0.0,
					1.0
				],
				"Script": ""
			}
		],
		"StaticEntities": [],
		"Areas": [],
		"Items": [],
		"Lights": [
			{
				"WorldTM": [
					1.0,
					0.0,
					0.0,
					1000.0,
					0.0,
					0.6427873373031616,
					0.7660441994667053,
					2000.0,
					0.0,
					-0.7660441994667053,
					0.6427873373031616,
					-1000.0,
					0.0,
					0.0,
					0.0,
					1.0
				],
				"Intensity": 0.009999999776482582,
				"Ambient": 0.10000000149011612,
				"CastShadow": true,
				"Sun": false,
				"ShadowFrustumSize": {
					"width": 20000.0,
					"height": 20000.0,
					"far": 20000.0
				},
				"Type": "dir"
			}
		]
	}
}